/*
 Navicat Premium Data Transfer

 Source Server         : B2_13
 Source Server Type    : Oracle
 Source Server Version : 190000 (Oracle Database 19c Enterprise Edition Release 19.0.0.0.0 - Production)
 Source Host           : localhost:1521
 Source Schema         : FINANCEMANAGER

 Target Server Type    : Oracle
 Target Server Version : 190000 (Oracle Database 19c Enterprise Edition Release 19.0.0.0.0 - Production)
 File Encoding         : 65001

 Date: 07/09/2023 19:24:04
*/


-- ----------------------------
-- Table structure for AccountInfo
-- ----------------------------
DROP TABLE "FINANCEMANAGER"."AccountInfo";
CREATE TABLE "FINANCEMANAGER"."AccountInfo" (
  "UserID" VARCHAR2(30 BYTE) VISIBLE NOT NULL,
  "Mail" VARCHAR2(255 BYTE) VISIBLE NOT NULL,
  "Password" VARCHAR2(40 BYTE) VISIBLE NOT NULL
)
LOGGING
NOCOMPRESS
PCTFREE 10
INITRANS 1
STORAGE (
  INITIAL 65536 
  NEXT 1048576 
  MINEXTENTS 1
  MAXEXTENTS 2147483645
  BUFFER_POOL DEFAULT
)
PARALLEL 1
NOCACHE
DISABLE ROW MOVEMENT
;

-- ----------------------------
-- Records of AccountInfo
-- ----------------------------
INSERT INTO "FINANCEMANAGER"."AccountInfo" VALUES ('stephensjac77', 'isrin@gmail.com', 'HGTY8gT6Jn');
INSERT INTO "FINANCEMANAGER"."AccountInfo" VALUES ('romerodeni', 'wingkuen9@gmail.com', 'UxI64AosbT');
INSERT INTO "FINANCEMANAGER"."AccountInfo" VALUES ('kykwo6', 'waihachu1023@outlook.com', 'METJ15pBO3');
INSERT INTO "FINANCEMANAGER"."AccountInfo" VALUES ('wincheng', 'machiehlun508@outlook.com', 'UB3QaSCBfy');
INSERT INTO "FINANCEMANAGER"."AccountInfo" VALUES ('guj', 'daiyuling6@yahoo.com', 'HhgcCGHKgv');
INSERT INTO "FINANCEMANAGER"."AccountInfo" VALUES ('xshi', 'lixiaom@gmail.com', 'insLwSL4Hw');
INSERT INTO "FINANCEMANAGER"."AccountInfo" VALUES ('snak', 'htyip@outlook.com', 'znytBDZ1vB');
INSERT INTO "FINANCEMANAGER"."AccountInfo" VALUES ('rebecherrera', 'carmenhun@hotmail.com', 'SbCBzdOhDf');
INSERT INTO "FINANCEMANAGER"."AccountInfo" VALUES ('kathryn10', 'sanoseiko@mail.com', 'meLQG8Nfc8');
INSERT INTO "FINANCEMANAGER"."AccountInfo" VALUES ('sakamotoitsuki6', 'mchi@mail.com', 'fB5zwJfU2X');
INSERT INTO "FINANCEMANAGER"."AccountInfo" VALUES ('johnjones', 'yinfs509@outlook.com', '9FkZIt9q5X');
INSERT INTO "FINANCEMANAGER"."AccountInfo" VALUES ('tamwh', 'sychan@mail.com', 'iQWuTesaZq');
INSERT INTO "FINANCEMANAGER"."AccountInfo" VALUES ('chaharris16', 'yamagmisak04@outlook.com', 'C5y5Zv81Hv');
INSERT INTO "FINANCEMANAGER"."AccountInfo" VALUES ('tyunx59', 'che78@gmail.com', 'KZIkgH3vEJ');
INSERT INTO "FINANCEMANAGER"."AccountInfo" VALUES ('yamashita3', 'pasw@gmail.com', 'FldWQglhS7');
INSERT INTO "FINANCEMANAGER"."AccountInfo" VALUES ('tflai', 'duanxi1@outlook.com', 'JzQuab8JSX');
INSERT INTO "FINANCEMANAGER"."AccountInfo" VALUES ('gg97', 'ziyi9@icloud.com', 'RChfskdobz');
INSERT INTO "FINANCEMANAGER"."AccountInfo" VALUES ('zhouzhiyuan', 'sara9@gmail.com', 'yjAnUbu6ve');
INSERT INTO "FINANCEMANAGER"."AccountInfo" VALUES ('kaitoyamag', 'akintakeda@outlook.com', 'czgRvdfvAr');
INSERT INTO "FINANCEMANAGER"."AccountInfo" VALUES ('lachunyu', 'shemartin410@gmail.com', '5KkjNreCXW');
INSERT INTO "FINANCEMANAGER"."AccountInfo" VALUES ('yziyi69', 'nancyvar729@yahoo.com', 'J87ZnrRGDC');
INSERT INTO "FINANCEMANAGER"."AccountInfo" VALUES ('ziyilu', 'leems@outlook.com', 'G0dUFRi6En');
INSERT INTO "FINANCEMANAGER"."AccountInfo" VALUES ('anqi917', 'wslok@outlook.com', 'V0WEKwarIy');
INSERT INTO "FINANCEMANAGER"."AccountInfo" VALUES ('cherylme', 'szeyuk3@icloud.com', 'RXojP3gz2V');
INSERT INTO "FINANCEMANAGER"."AccountInfo" VALUES ('liacy', 'hifujiwara@outlook.com', 'PLYlqfdc9Z');
INSERT INTO "FINANCEMANAGER"."AccountInfo" VALUES ('hughesjohn', 'yunata4@mail.com', '5gZ1cWHHhj');
INSERT INTO "FINANCEMANAGER"."AccountInfo" VALUES ('stever5', 'tinwingfu9@outlook.com', 'wCqG9EGX9w');
INSERT INTO "FINANCEMANAGER"."AccountInfo" VALUES ('rodgordon', 'xiuyizhong76@yahoo.com', 'PthYUb9x1Z');
INSERT INTO "FINANCEMANAGER"."AccountInfo" VALUES ('miri', 'roscoleman92@yahoo.com', 'VHEmJzNcCM');
INSERT INTO "FINANCEMANAGER"."AccountInfo" VALUES ('kanekod', 'ellencar@mail.com', 'lwh0Up4In7');
INSERT INTO "FINANCEMANAGER"."AccountInfo" VALUES ('sakuraim', 'glennryan@gmail.com', 'iq3olFpkVJ');
INSERT INTO "FINANCEMANAGER"."AccountInfo" VALUES ('sugiyamaaoi1', 'yuling125@outlook.com', 'gqYTw8odXj');
INSERT INTO "FINANCEMANAGER"."AccountInfo" VALUES ('anqita05', 'mg1001@hotmail.com', 'acJd7Snfcf');
INSERT INTO "FINANCEMANAGER"."AccountInfo" VALUES ('cykw', 'mildredcoleman4@hotmail.com', 'WkP6teXg5m');
INSERT INTO "FINANCEMANAGER"."AccountInfo" VALUES ('patrickramirez7', 'hsuchunyu1111@gmail.com', 'dFs87lpLVW');
INSERT INTO "FINANCEMANAGER"."AccountInfo" VALUES ('pengshihan6', 'wfd64@icloud.com', 'YsgiIKihQY');
INSERT INTO "FINANCEMANAGER"."AccountInfo" VALUES ('dipayne6', 'hiutung3@yahoo.com', 'mVBLprd8mD');
INSERT INTO "FINANCEMANAGER"."AccountInfo" VALUES ('yutomatsumoto8', 'chekk82@hotmail.com', 'Q6bChKsNUa');
INSERT INTO "FINANCEMANAGER"."AccountInfo" VALUES ('juap', 'ray1@gmail.com', 'vE5EgnzNvO');
INSERT INTO "FINANCEMANAGER"."AccountInfo" VALUES ('charlottec', 'daviddixon6@gmail.com', 'DE8CRQIyBg');
INSERT INTO "FINANCEMANAGER"."AccountInfo" VALUES ('mkazu', 'choyeeying@gmail.com', 'dYrZDFn7ot');
INSERT INTO "FINANCEMANAGER"."AccountInfo" VALUES ('lanq69', 'shana5@gmail.com', 'XFm0oGDZOg');
INSERT INTO "FINANCEMANAGER"."AccountInfo" VALUES ('mhi54', 'hung313@mail.com', 'lKUhGb426g');
INSERT INTO "FINANCEMANAGER"."AccountInfo" VALUES ('rgon1995', 'xiongyuning@gmail.com', 'zTmtjCxt9t');
INSERT INTO "FINANCEMANAGER"."AccountInfo" VALUES ('yulingchang07', 'yunxideng@outlook.com', 'TUdZuFERJm');
INSERT INTO "FINANCEMANAGER"."AccountInfo" VALUES ('sdunn', 'primigue907@gmail.com', 'EtCEk5Jdzq');
INSERT INTO "FINANCEMANAGER"."AccountInfo" VALUES ('arimuraeit510', 'kimurasa@icloud.com', 'nuiTVl2NM3');
INSERT INTO "FINANCEMANAGER"."AccountInfo" VALUES ('anpan1981', 'yhay@icloud.com', 'E8AEEjjEUt');
INSERT INTO "FINANCEMANAGER"."AccountInfo" VALUES ('tongkary76', 'lucui@gmail.com', 'c8y8r5vyNp');
INSERT INTO "FINANCEMANAGER"."AccountInfo" VALUES ('duanqi1210', 'otsusa3@icloud.com', 'lx6F4xKvso');
INSERT INTO "FINANCEMANAGER"."AccountInfo" VALUES ('loucy', 'cytang@mail.com', 'gquE0AIuiu');
INSERT INTO "FINANCEMANAGER"."AccountInfo" VALUES ('kamanpang', 'zhengyu@gmail.com', 'BSWbezXbdC');
INSERT INTO "FINANCEMANAGER"."AccountInfo" VALUES ('wangzitao1120', 'hitsu413@outlook.com', '26PsH9iXfe');
INSERT INTO "FINANCEMANAGER"."AccountInfo" VALUES ('qianzhiy7', 'green530@outlook.com', 'BYdaOWMEAF');
INSERT INTO "FINANCEMANAGER"."AccountInfo" VALUES ('whb', 'hashiaoshi79@hotmail.com', 'cKvVnbnwBS');
INSERT INTO "FINANCEMANAGER"."AccountInfo" VALUES ('jiaxi', 'gongji3@gmail.com', 'vY1lCqgG12');
INSERT INTO "FINANCEMANAGER"."AccountInfo" VALUES ('mimiyazaki', 'ono814@hotmail.com', 'vn2ZStTWKO');
INSERT INTO "FINANCEMANAGER"."AccountInfo" VALUES ('wu6', 'hana03@gmail.com', 'Te0fHyK3Lo');
INSERT INTO "FINANCEMANAGER"."AccountInfo" VALUES ('carmehoward01', 'weaverj@yahoo.com', 'jS0piD75Eb');
INSERT INTO "FINANCEMANAGER"."AccountInfo" VALUES ('dk8', 'ryamam509@icloud.com', 'mMKIXw7P48');
INSERT INTO "FINANCEMANAGER"."AccountInfo" VALUES ('masuda9', 'watta@mail.com', 'ZmEvX8aMAf');
INSERT INTO "FINANCEMANAGER"."AccountInfo" VALUES ('saiwing51', 'zsu@mail.com', 'WrRZnVjheJ');
INSERT INTO "FINANCEMANAGER"."AccountInfo" VALUES ('hmiyamoto', 'jiehong211@icloud.com', '0BieEoqyfa');
INSERT INTO "FINANCEMANAGER"."AccountInfo" VALUES ('dobr', 'ksk@outlook.com', 'eqgG5nrJmF');
INSERT INTO "FINANCEMANAGER"."AccountInfo" VALUES ('kao1', 'xizi77@outlook.com', 'I1DtrcgEJv');
INSERT INTO "FINANCEMANAGER"."AccountInfo" VALUES ('yuitookam', 'datakada@icloud.com', 'aDVFOCVNAo');
INSERT INTO "FINANCEMANAGER"."AccountInfo" VALUES ('kato4', 'hikark@gmail.com', 'krrlEumSPJ');
INSERT INTO "FINANCEMANAGER"."AccountInfo" VALUES ('zhennanshi512', 'ruwei@icloud.com', '9KrxVq68UR');
INSERT INTO "FINANCEMANAGER"."AccountInfo" VALUES ('duz', 'houjieh@mail.com', 'xxYkfdQWAr');
INSERT INTO "FINANCEMANAGER"."AccountInfo" VALUES ('kkkwa301', 'ramirez1@outlook.com', 'iWfFSTMwuQ');
INSERT INTO "FINANCEMANAGER"."AccountInfo" VALUES ('munozmichael61', 'muikaling@hotmail.com', 'eZlqJd2RC7');
INSERT INTO "FINANCEMANAGER"."AccountInfo" VALUES ('yunxiwu5', 'gr2013@outlook.com', 'L6gMtBT5y8');
INSERT INTO "FINANCEMANAGER"."AccountInfo" VALUES ('stevensn409', 'fz1117@icloud.com', 'jGXtMB0a6b');
INSERT INTO "FINANCEMANAGER"."AccountInfo" VALUES ('ishika', 'yotamaruyama@gmail.com', 'O11mkVt5Vd');
INSERT INTO "FINANCEMANAGER"."AccountInfo" VALUES ('edward4', 'ishairi@gmail.com', 'G970GkcvYL');
INSERT INTO "FINANCEMANAGER"."AccountInfo" VALUES ('leetinwing2', 'thelmaaguilar@hotmail.com', 'DwdaiYfTOM');
INSERT INTO "FINANCEMANAGER"."AccountInfo" VALUES ('robe', 'wingfat1982@gmail.com', 'fRqQqBpWoG');
INSERT INTO "FINANCEMANAGER"."AccountInfo" VALUES ('zzhao201', 'kong2013@gmail.com', 'l8Lv20H6YP');
INSERT INTO "FINANCEMANAGER"."AccountInfo" VALUES ('hayesanna', 'anqiy@outlook.com', 'd2Q3pdB5L3');
INSERT INTO "FINANCEMANAGER"."AccountInfo" VALUES ('janet229', 'armi@yahoo.com', 'mLIJfOGxIB');
INSERT INTO "FINANCEMANAGER"."AccountInfo" VALUES ('edwards97', 'yokoyamase@gmail.com', 'YVdOzo3SdG');
INSERT INTO "FINANCEMANAGER"."AccountInfo" VALUES ('swt', 'jiayuning1@outlook.com', '5YaFaEs1iQ');
INSERT INTO "FINANCEMANAGER"."AccountInfo" VALUES ('takeuchia809', 'mkenta507@gmail.com', 'EU9B7hTc6C');
INSERT INTO "FINANCEMANAGER"."AccountInfo" VALUES ('hicks01', 'jidu2015@mail.com', 'G2N8uIEFtm');
INSERT INTO "FINANCEMANAGER"."AccountInfo" VALUES ('thethompson', 'kath@gmail.com', 'qbULCaQq5S');
INSERT INTO "FINANCEMANAGER"."AccountInfo" VALUES ('resa', 'kwokwingy@gmail.com', 'pwOeSCbahH');
INSERT INTO "FINANCEMANAGER"."AccountInfo" VALUES ('lad', 'wskong@gmail.com', 'iUqY847Yqy');
INSERT INTO "FINANCEMANAGER"."AccountInfo" VALUES ('xue1980', 'zhoux94@icloud.com', 'ASjnJBdBGD');
INSERT INTO "FINANCEMANAGER"."AccountInfo" VALUES ('daichtakah10', 'mmorita@yahoo.com', 'neerQLtLPI');
INSERT INTO "FINANCEMANAGER"."AccountInfo" VALUES ('snakaj10', 'hina1976@gmail.com', 'xZbQZ2m9qn');
INSERT INTO "FINANCEMANAGER"."AccountInfo" VALUES ('ylwon1215', 'syk716@gmail.com', 'Ldt6cWvAgP');
INSERT INTO "FINANCEMANAGER"."AccountInfo" VALUES ('chavjeffe', 'anqiren9@gmail.com', 'yXEynwBj5p');
INSERT INTO "FINANCEMANAGER"."AccountInfo" VALUES ('hirmo', 'taniguchi324@gmail.com', 'TDCBLZbBtw');
INSERT INTO "FINANCEMANAGER"."AccountInfo" VALUES ('zhonshihan', 'xuezi@yahoo.com', 'kCJERTJ4GR');
INSERT INTO "FINANCEMANAGER"."AccountInfo" VALUES ('chavezj', 'hsms@gmail.com', 'gThaiVUFCN');
INSERT INTO "FINANCEMANAGER"."AccountInfo" VALUES ('yamadamio', 'ray9@yahoo.com', 'O1XRFWg07x');
INSERT INTO "FINANCEMANAGER"."AccountInfo" VALUES ('chf12', 'twng625@outlook.com', 'lMgtpT6kNS');
INSERT INTO "FINANCEMANAGER"."AccountInfo" VALUES ('chunyu5', 'lan1953@hotmail.com', '81nlPbdrJm');
INSERT INTO "FINANCEMANAGER"."AccountInfo" VALUES ('kwokyinn', 'rrey@icloud.com', 'tduYSGh3yX');
INSERT INTO "FINANCEMANAGER"."AccountInfo" VALUES ('hagarcia18', 'richardsondon8@hotmail.com', 'mKPFPcrGQO');

-- ----------------------------
-- Table structure for Budgets
-- ----------------------------
DROP TABLE "FINANCEMANAGER"."Budgets";
CREATE TABLE "FINANCEMANAGER"."Budgets" (
  "UserID" VARCHAR2(30 BYTE) VISIBLE NOT NULL,
  "BudgetID" NUMBER VISIBLE NOT NULL,
  "BudgetName" VARCHAR2(100 BYTE) VISIBLE,
  "Amount" NUMBER VISIBLE NOT NULL,
  "Spent" NUMBER VISIBLE NOT NULL,
  "Left" NUMBER VISIBLE NOT NULL,
  "Created On" DATE VISIBLE NOT NULL,
  "Last Updated On" DATE VISIBLE NOT NULL
)
LOGGING
NOCOMPRESS
PCTFREE 10
INITRANS 1
STORAGE (
  INITIAL 65536 
  NEXT 1048576 
  MINEXTENTS 1
  MAXEXTENTS 2147483645
  BUFFER_POOL DEFAULT
)
PARALLEL 1
NOCACHE
DISABLE ROW MOVEMENT
;

-- ----------------------------
-- Records of Budgets
-- ----------------------------

-- ----------------------------
-- Table structure for Expenses
-- ----------------------------
DROP TABLE "FINANCEMANAGER"."Expenses";
CREATE TABLE "FINANCEMANAGER"."Expenses" (
  "UserID" VARCHAR2(30 BYTE) VISIBLE NOT NULL,
  "ExpenseID" VARCHAR2(100 BYTE) VISIBLE NOT NULL,
  "WalletID" NUMBER VISIBLE NOT NULL,
  "Type" VARCHAR2(255 BYTE) VISIBLE,
  "Amount" FLOAT(126) VISIBLE NOT NULL,
  "Date" DATE VISIBLE NOT NULL
)
LOGGING
NOCOMPRESS
PCTFREE 10
INITRANS 1
STORAGE (
  INITIAL 65536 
  NEXT 1048576 
  MINEXTENTS 1
  MAXEXTENTS 2147483645
  BUFFER_POOL DEFAULT
)
PARALLEL 1
NOCACHE
DISABLE ROW MOVEMENT
;

-- ----------------------------
-- Records of Expenses
-- ----------------------------

-- ----------------------------
-- Table structure for FinancialInfo
-- ----------------------------
DROP TABLE "FINANCEMANAGER"."FinancialInfo";
CREATE TABLE "FINANCEMANAGER"."FinancialInfo" (
  "UserID" VARCHAR2(30 BYTE) VISIBLE NOT NULL,
  "WalletID" NUMBER VISIBLE NOT NULL,
  "Amount" NUMBER VISIBLE NOT NULL,
  "Created On" DATE VISIBLE NOT NULL,
  "Last Updated On" DATE VISIBLE NOT NULL
)
LOGGING
NOCOMPRESS
PCTFREE 10
INITRANS 1
STORAGE (
  INITIAL 65536 
  NEXT 1048576 
  MINEXTENTS 1
  MAXEXTENTS 2147483645
  BUFFER_POOL DEFAULT
)
PARALLEL 1
NOCACHE
DISABLE ROW MOVEMENT
;

-- ----------------------------
-- Records of FinancialInfo
-- ----------------------------

-- ----------------------------
-- Table structure for Incomes
-- ----------------------------
DROP TABLE "FINANCEMANAGER"."Incomes";
CREATE TABLE "FINANCEMANAGER"."Incomes" (
  "UserID" VARCHAR2(30 BYTE) VISIBLE NOT NULL,
  "IncomeID" VARCHAR2(100 BYTE) VISIBLE NOT NULL,
  "WalletID" NUMBER VISIBLE NOT NULL,
  "Type" VARCHAR2(255 BYTE) VISIBLE,
  "Amount" FLOAT(126) VISIBLE NOT NULL,
  "Date" DATE VISIBLE NOT NULL
)
LOGGING
NOCOMPRESS
PCTFREE 10
INITRANS 1
STORAGE (
  INITIAL 65536 
  NEXT 1048576 
  MINEXTENTS 1
  MAXEXTENTS 2147483645
  BUFFER_POOL DEFAULT
)
PARALLEL 1
NOCACHE
DISABLE ROW MOVEMENT
;

-- ----------------------------
-- Records of Incomes
-- ----------------------------

-- ----------------------------
-- Table structure for JointAccounts
-- ----------------------------
DROP TABLE "FINANCEMANAGER"."JointAccounts";
CREATE TABLE "FINANCEMANAGER"."JointAccounts" (
  "UserID1" VARCHAR2(30 BYTE) VISIBLE NOT NULL,
  "UserID2" VARCHAR2(30 BYTE) VISIBLE NOT NULL,
  "UserID3" VARCHAR2(30 BYTE) VISIBLE,
  "UserID4" VARCHAR2(30 BYTE) VISIBLE,
  "UserID5" VARCHAR2(30 BYTE) VISIBLE,
  "AccountID" VARCHAR2(50 BYTE) VISIBLE NOT NULL,
  "Password" VARCHAR2(40 BYTE) VISIBLE NOT NULL,
  "Amount" NUMBER VISIBLE NOT NULL
)
LOGGING
NOCOMPRESS
PCTFREE 10
INITRANS 1
STORAGE (
  BUFFER_POOL DEFAULT
)
PARALLEL 1
NOCACHE
DISABLE ROW MOVEMENT
;

-- ----------------------------
-- Records of JointAccounts
-- ----------------------------

-- ----------------------------
-- Table structure for PersonalInfo
-- ----------------------------
DROP TABLE "FINANCEMANAGER"."PersonalInfo";
CREATE TABLE "FINANCEMANAGER"."PersonalInfo" (
  "UserID" VARCHAR2(30 BYTE) VISIBLE NOT NULL,
  "DateOfBirth" DATE VISIBLE NOT NULL,
  "Gender" CHAR(1 BYTE) VISIBLE NOT NULL,
  "Job" VARCHAR2(255 BYTE) VISIBLE,
  "City" VARCHAR2(255 BYTE) VISIBLE NOT NULL,
  "Name" VARCHAR2(255 BYTE) VISIBLE NOT NULL
)
LOGGING
NOCOMPRESS
PCTFREE 10
INITRANS 1
STORAGE (
  INITIAL 65536 
  NEXT 1048576 
  MINEXTENTS 1
  MAXEXTENTS 2147483645
  BUFFER_POOL DEFAULT
)
PARALLEL 1
NOCACHE
DISABLE ROW MOVEMENT
;

-- ----------------------------
-- Records of PersonalInfo
-- ----------------------------
INSERT INTO "FINANCEMANAGER"."PersonalInfo" VALUES ('duanqi1210', TO_DATE('1974-06-16 12:33:37', 'SYYYY-MM-DD HH24:MI:SS'), 'M', 'Office clerk', 'New York', 'Christopher Gray');
INSERT INTO "FINANCEMANAGER"."PersonalInfo" VALUES ('sakamotoitsuki6', TO_DATE('1974-05-02 09:51:03', 'SYYYY-MM-DD HH24:MI:SS'), 'F', 'Office clerk', 'London', 'Amy White');
INSERT INTO "FINANCEMANAGER"."PersonalInfo" VALUES ('miri', TO_DATE('1978-09-23 03:45:28', 'SYYYY-MM-DD HH24:MI:SS'), 'M', 'UX/UI designer', 'Leicester', 'Glenn Watson');
INSERT INTO "FINANCEMANAGER"."PersonalInfo" VALUES ('romerodeni', TO_DATE('2006-07-25 13:03:26', 'SYYYY-MM-DD HH24:MI:SS'), 'F', 'Project manager', 'Cambridge', 'Carolyn Hernandez');
INSERT INTO "FINANCEMANAGER"."PersonalInfo" VALUES ('daichtakah10', TO_DATE('2008-12-27 23:46:02', 'SYYYY-MM-DD HH24:MI:SS'), 'F', 'Professor', 'Oxford', 'Jennifer Gordon');
INSERT INTO "FINANCEMANAGER"."PersonalInfo" VALUES ('liacy', TO_DATE('1995-10-11 05:01:36', 'SYYYY-MM-DD HH24:MI:SS'), 'F', 'UX/UI designer', 'Leicester', 'Irene Clark');
INSERT INTO "FINANCEMANAGER"."PersonalInfo" VALUES ('hmiyamoto', TO_DATE('1978-08-06 06:25:02', 'SYYYY-MM-DD HH24:MI:SS'), 'F', 'Information security analyst', 'Chicago', 'Amber Tran');
INSERT INTO "FINANCEMANAGER"."PersonalInfo" VALUES ('johnjones', TO_DATE('2000-06-21 10:19:10', 'SYYYY-MM-DD HH24:MI:SS'), 'M', 'Barber', 'Manchester', 'Steven Sanders');
INSERT INTO "FINANCEMANAGER"."PersonalInfo" VALUES ('tflai', TO_DATE('1979-01-21 03:35:28', 'SYYYY-MM-DD HH24:MI:SS'), 'F', 'Information security analyst', 'Chicago', 'Hazel Stewart');
INSERT INTO "FINANCEMANAGER"."PersonalInfo" VALUES ('mkazu', TO_DATE('2013-11-12 04:35:25', 'SYYYY-MM-DD HH24:MI:SS'), 'F', 'Retail sales associate', 'Chicago', 'Sara Bennett');
INSERT INTO "FINANCEMANAGER"."PersonalInfo" VALUES ('hicks01', TO_DATE('2013-03-11 00:16:17', 'SYYYY-MM-DD HH24:MI:SS'), 'M', 'Librarian', 'Chicago', 'Eugene Lopez');
INSERT INTO "FINANCEMANAGER"."PersonalInfo" VALUES ('chunyu5', TO_DATE('1980-10-09 05:29:00', 'SYYYY-MM-DD HH24:MI:SS'), 'M', 'Actuary', 'Leicester', 'Jeffery Turner');
INSERT INTO "FINANCEMANAGER"."PersonalInfo" VALUES ('yuitookam', TO_DATE('1990-09-07 15:51:21', 'SYYYY-MM-DD HH24:MI:SS'), 'F', 'Librarian', 'Chicago', 'Elaine Gibson');
INSERT INTO "FINANCEMANAGER"."PersonalInfo" VALUES ('yulingchang07', TO_DATE('2001-04-01 22:41:10', 'SYYYY-MM-DD HH24:MI:SS'), 'F', 'Office manager', 'Leicester', 'Kelly Clark');
INSERT INTO "FINANCEMANAGER"."PersonalInfo" VALUES ('takeuchia809', TO_DATE('1992-10-25 02:28:17', 'SYYYY-MM-DD HH24:MI:SS'), 'M', 'Technical support', 'Cambridge', 'Marvin Daniels');
INSERT INTO "FINANCEMANAGER"."PersonalInfo" VALUES ('kanekod', TO_DATE('2011-01-12 05:25:19', 'SYYYY-MM-DD HH24:MI:SS'), 'F', 'Retail sales associate', 'Leicester', 'Dawn Alvarez');
INSERT INTO "FINANCEMANAGER"."PersonalInfo" VALUES ('hagarcia18', TO_DATE('2009-05-13 18:40:20', 'SYYYY-MM-DD HH24:MI:SS'), 'M', 'Veterinary assistant', 'London', 'Patrick Freeman');
INSERT INTO "FINANCEMANAGER"."PersonalInfo" VALUES ('zhonshihan', TO_DATE('1987-03-28 09:19:14', 'SYYYY-MM-DD HH24:MI:SS'), 'M', 'Event manager', 'Birmingham', 'Francisco Romero');
INSERT INTO "FINANCEMANAGER"."PersonalInfo" VALUES ('anqi917', TO_DATE('2003-05-26 14:52:41', 'SYYYY-MM-DD HH24:MI:SS'), 'M', 'Retail sales associate', 'Liverpool', 'Aaron Hernandez');
INSERT INTO "FINANCEMANAGER"."PersonalInfo" VALUES ('chf12', TO_DATE('1982-08-15 13:30:34', 'SYYYY-MM-DD HH24:MI:SS'), 'M', 'Nurse', 'Chicago', 'Wayne Jenkins');
INSERT INTO "FINANCEMANAGER"."PersonalInfo" VALUES ('stephensjac77', TO_DATE('1982-03-07 18:01:31', 'SYYYY-MM-DD HH24:MI:SS'), 'F', 'Breeder', 'Cambridge', 'Edith Castro');
INSERT INTO "FINANCEMANAGER"."PersonalInfo" VALUES ('juap', TO_DATE('2008-02-06 03:20:28', 'SYYYY-MM-DD HH24:MI:SS'), 'F', 'Engineer', 'Manchester', 'Carrie Henderson');
INSERT INTO "FINANCEMANAGER"."PersonalInfo" VALUES ('kato4', TO_DATE('2013-03-21 06:33:22', 'SYYYY-MM-DD HH24:MI:SS'), 'M', 'Information security analyst', 'Cambridge', 'Martin Salazar');
INSERT INTO "FINANCEMANAGER"."PersonalInfo" VALUES ('lad', TO_DATE('2013-07-03 14:09:03', 'SYYYY-MM-DD HH24:MI:SS'), 'F', 'Veterinarian', 'Manchester', 'Maria Snyder');
INSERT INTO "FINANCEMANAGER"."PersonalInfo" VALUES ('jiaxi', TO_DATE('1997-06-13 14:26:24', 'SYYYY-MM-DD HH24:MI:SS'), 'F', 'Architect', 'Chicago', 'Rita Hawkins');
INSERT INTO "FINANCEMANAGER"."PersonalInfo" VALUES ('yunxiwu5', TO_DATE('2009-03-10 06:40:39', 'SYYYY-MM-DD HH24:MI:SS'), 'F', 'Groomer', 'Manchester', 'Rhonda Gomez');
INSERT INTO "FINANCEMANAGER"."PersonalInfo" VALUES ('resa', TO_DATE('1996-04-14 11:47:19', 'SYYYY-MM-DD HH24:MI:SS'), 'M', 'Dancer', 'London', 'Terry Barnes');
INSERT INTO "FINANCEMANAGER"."PersonalInfo" VALUES ('kwokyinn', TO_DATE('1989-11-25 15:19:56', 'SYYYY-MM-DD HH24:MI:SS'), 'M', 'Business reporter', 'Chicago', 'Alan Scott');
INSERT INTO "FINANCEMANAGER"."PersonalInfo" VALUES ('stevensn409', TO_DATE('1970-10-11 05:34:00', 'SYYYY-MM-DD HH24:MI:SS'), 'M', 'Librarian', 'New York', 'Allen Herrera');
INSERT INTO "FINANCEMANAGER"."PersonalInfo" VALUES ('saiwing51', TO_DATE('1979-02-08 22:05:46', 'SYYYY-MM-DD HH24:MI:SS'), 'F', 'Makeup artist', 'Leicester', 'Debra Dunn');
INSERT INTO "FINANCEMANAGER"."PersonalInfo" VALUES ('zzhao201', TO_DATE('1976-03-20 05:37:28', 'SYYYY-MM-DD HH24:MI:SS'), 'M', 'Librarian', 'Manchester', 'Gerald Sanders');
INSERT INTO "FINANCEMANAGER"."PersonalInfo" VALUES ('loucy', TO_DATE('1981-09-21 13:53:47', 'SYYYY-MM-DD HH24:MI:SS'), 'M', 'Veterinarian', 'Chicago', 'Norman Owens');
INSERT INTO "FINANCEMANAGER"."PersonalInfo" VALUES ('kathryn10', TO_DATE('1989-07-23 01:58:10', 'SYYYY-MM-DD HH24:MI:SS'), 'M', 'UX/UI designer', 'New York', 'Henry Cox');
INSERT INTO "FINANCEMANAGER"."PersonalInfo" VALUES ('janet229', TO_DATE('1974-08-12 21:35:55', 'SYYYY-MM-DD HH24:MI:SS'), 'F', 'Producer', 'Chicago', 'Anne Stone');
INSERT INTO "FINANCEMANAGER"."PersonalInfo" VALUES ('zhouzhiyuan', TO_DATE('2011-10-05 06:50:18', 'SYYYY-MM-DD HH24:MI:SS'), 'M', 'Groomer', 'Albany', 'Joseph Murray');
INSERT INTO "FINANCEMANAGER"."PersonalInfo" VALUES ('rebecherrera', TO_DATE('1986-09-18 08:36:51', 'SYYYY-MM-DD HH24:MI:SS'), 'F', 'Barber', 'Cambridge', 'Mary Walker');
INSERT INTO "FINANCEMANAGER"."PersonalInfo" VALUES ('kykwo6', TO_DATE('1992-12-04 17:52:22', 'SYYYY-MM-DD HH24:MI:SS'), 'M', 'Social media coordinator', 'London', 'Francisco Ramirez');
INSERT INTO "FINANCEMANAGER"."PersonalInfo" VALUES ('yziyi69', TO_DATE('1977-07-13 17:05:41', 'SYYYY-MM-DD HH24:MI:SS'), 'F', 'Human resources manager', 'Manchester', 'Lisa Stone');
INSERT INTO "FINANCEMANAGER"."PersonalInfo" VALUES ('yamadamio', TO_DATE('1980-10-26 18:34:44', 'SYYYY-MM-DD HH24:MI:SS'), 'F', 'Spa manager', 'Leicester', 'Josephine Mills');
INSERT INTO "FINANCEMANAGER"."PersonalInfo" VALUES ('ziyilu', TO_DATE('1972-12-11 11:11:23', 'SYYYY-MM-DD HH24:MI:SS'), 'F', 'Nurse', 'Albany', 'Charlotte Bailey');
INSERT INTO "FINANCEMANAGER"."PersonalInfo" VALUES ('kkkwa301', TO_DATE('1975-01-17 12:18:00', 'SYYYY-MM-DD HH24:MI:SS'), 'F', 'Spa manager', 'Cambridge', 'Kimberly Murray');
INSERT INTO "FINANCEMANAGER"."PersonalInfo" VALUES ('kao1', TO_DATE('1993-06-15 01:06:46', 'SYYYY-MM-DD HH24:MI:SS'), 'F', 'Engineer', 'Manchester', 'Frances Salazar');
INSERT INTO "FINANCEMANAGER"."PersonalInfo" VALUES ('wangzitao1120', TO_DATE('1998-02-11 17:03:31', 'SYYYY-MM-DD HH24:MI:SS'), 'M', 'Project manager', 'Los Angeles', 'Jeremy Gardner');
INSERT INTO "FINANCEMANAGER"."PersonalInfo" VALUES ('tyunx59', TO_DATE('2000-07-17 01:57:00', 'SYYYY-MM-DD HH24:MI:SS'), 'M', 'Human resources manager', 'Los Angeles', 'Randy Martin');
INSERT INTO "FINANCEMANAGER"."PersonalInfo" VALUES ('anqita05', TO_DATE('2006-02-04 05:43:54', 'SYYYY-MM-DD HH24:MI:SS'), 'F', 'Account coordinator', 'Oxford', 'Alice Chen');
INSERT INTO "FINANCEMANAGER"."PersonalInfo" VALUES ('yutomatsumoto8', TO_DATE('1985-01-11 01:42:14', 'SYYYY-MM-DD HH24:MI:SS'), 'F', 'Logistics coordinator', 'Chicago', 'Norma Washington');
INSERT INTO "FINANCEMANAGER"."PersonalInfo" VALUES ('kamanpang', TO_DATE('2012-12-07 10:33:43', 'SYYYY-MM-DD HH24:MI:SS'), 'M', 'Event manager', 'Cambridge', 'Patrick Stephens');
INSERT INTO "FINANCEMANAGER"."PersonalInfo" VALUES ('mimiyazaki', TO_DATE('1989-05-27 15:40:39', 'SYYYY-MM-DD HH24:MI:SS'), 'F', 'Project manager', 'London', 'Paula Wallace');
INSERT INTO "FINANCEMANAGER"."PersonalInfo" VALUES ('cherylme', TO_DATE('1997-06-22 12:39:49', 'SYYYY-MM-DD HH24:MI:SS'), 'M', 'Mobile application developer', 'Los Angeles', 'Gerald Griffin');
INSERT INTO "FINANCEMANAGER"."PersonalInfo" VALUES ('rodgordon', TO_DATE('1976-02-06 21:34:47', 'SYYYY-MM-DD HH24:MI:SS'), 'M', 'Makeup artist', 'Oxford', 'Billy Mcdonald');
INSERT INTO "FINANCEMANAGER"."PersonalInfo" VALUES ('chavjeffe', TO_DATE('1998-06-02 07:40:02', 'SYYYY-MM-DD HH24:MI:SS'), 'M', 'Engineer', 'Chicago', 'Christopher Howard');
INSERT INTO "FINANCEMANAGER"."PersonalInfo" VALUES ('whb', TO_DATE('2014-12-07 02:01:15', 'SYYYY-MM-DD HH24:MI:SS'), 'F', 'Retail sales associate', 'Cambridge', 'Anita Harris');
INSERT INTO "FINANCEMANAGER"."PersonalInfo" VALUES ('cykw', TO_DATE('2010-02-17 06:08:43', 'SYYYY-MM-DD HH24:MI:SS'), 'F', 'Business reporter', 'Chicago', 'Laura Morgan');
INSERT INTO "FINANCEMANAGER"."PersonalInfo" VALUES ('zhennanshi512', TO_DATE('1970-05-17 11:56:37', 'SYYYY-MM-DD HH24:MI:SS'), 'F', 'Logistics coordinator', 'London', 'Gladys Richardson');
INSERT INTO "FINANCEMANAGER"."PersonalInfo" VALUES ('chavezj', TO_DATE('1999-01-07 14:28:20', 'SYYYY-MM-DD HH24:MI:SS'), 'M', 'Singer', 'Chicago', 'Philip Mason');
INSERT INTO "FINANCEMANAGER"."PersonalInfo" VALUES ('duz', TO_DATE('2000-08-27 15:12:15', 'SYYYY-MM-DD HH24:MI:SS'), 'F', 'Project manager', 'Leicester', 'Janice Fisher');
INSERT INTO "FINANCEMANAGER"."PersonalInfo" VALUES ('tongkary76', TO_DATE('2003-04-26 03:55:58', 'SYYYY-MM-DD HH24:MI:SS'), 'M', 'Client services manager', 'Chicago', 'Curtis Davis');
INSERT INTO "FINANCEMANAGER"."PersonalInfo" VALUES ('xshi', TO_DATE('1996-02-09 04:49:48', 'SYYYY-MM-DD HH24:MI:SS'), 'M', 'Barber', 'Leicester', 'Robert White');
INSERT INTO "FINANCEMANAGER"."PersonalInfo" VALUES ('stever5', TO_DATE('2012-01-15 14:55:46', 'SYYYY-MM-DD HH24:MI:SS'), 'F', 'Insurance sales agent', 'Chicago', 'Rachel Medina');
INSERT INTO "FINANCEMANAGER"."PersonalInfo" VALUES ('leetinwing2', TO_DATE('2000-08-03 11:18:17', 'SYYYY-MM-DD HH24:MI:SS'), 'M', 'Housekeeper', 'Cambridge', 'Martin James');
INSERT INTO "FINANCEMANAGER"."PersonalInfo" VALUES ('dobr', TO_DATE('1986-04-15 21:19:49', 'SYYYY-MM-DD HH24:MI:SS'), 'F', 'Technical support', 'Oxford', 'Amber Chavez');
INSERT INTO "FINANCEMANAGER"."PersonalInfo" VALUES ('carmehoward01', TO_DATE('1984-04-24 18:22:43', 'SYYYY-MM-DD HH24:MI:SS'), 'F', 'Tattoo artist', 'Leicester', 'Jamie Rice');
INSERT INTO "FINANCEMANAGER"."PersonalInfo" VALUES ('wincheng', TO_DATE('2013-11-14 22:56:17', 'SYYYY-MM-DD HH24:MI:SS'), 'F', 'Client services manager', 'New York', 'Elizabeth Silva');
INSERT INTO "FINANCEMANAGER"."PersonalInfo" VALUES ('chaharris16', TO_DATE('1989-05-11 23:44:10', 'SYYYY-MM-DD HH24:MI:SS'), 'F', 'Software developer', 'Chicago', 'Angela Cook');
INSERT INTO "FINANCEMANAGER"."PersonalInfo" VALUES ('patrickramirez7', TO_DATE('1971-06-10 13:09:39', 'SYYYY-MM-DD HH24:MI:SS'), 'M', 'Account manager', 'Leicester', 'Chad Chavez');
INSERT INTO "FINANCEMANAGER"."PersonalInfo" VALUES ('xue1980', TO_DATE('1999-12-20 03:02:32', 'SYYYY-MM-DD HH24:MI:SS'), 'M', 'Biochemist', 'Manchester', 'Patrick Rogers');
INSERT INTO "FINANCEMANAGER"."PersonalInfo" VALUES ('lanq69', TO_DATE('2014-10-16 00:44:08', 'SYYYY-MM-DD HH24:MI:SS'), 'M', 'Farmer', 'London', 'Roy Soto');
INSERT INTO "FINANCEMANAGER"."PersonalInfo" VALUES ('charlottec', TO_DATE('1971-12-09 12:07:08', 'SYYYY-MM-DD HH24:MI:SS'), 'F', 'Office clerk', 'London', 'Lois Payne');
INSERT INTO "FINANCEMANAGER"."PersonalInfo" VALUES ('munozmichael61', TO_DATE('1989-03-19 12:32:38', 'SYYYY-MM-DD HH24:MI:SS'), 'F', 'Chief operations officer', 'Chicago', 'Edith Reyes');
INSERT INTO "FINANCEMANAGER"."PersonalInfo" VALUES ('mhi54', TO_DATE('2010-05-18 07:50:35', 'SYYYY-MM-DD HH24:MI:SS'), 'F', 'Sales manager', 'Akron', 'Crystal Gonzalez');
INSERT INTO "FINANCEMANAGER"."PersonalInfo" VALUES ('snak', TO_DATE('2009-02-19 03:15:32', 'SYYYY-MM-DD HH24:MI:SS'), 'F', 'Actor', 'London', 'Betty Kelley');
INSERT INTO "FINANCEMANAGER"."PersonalInfo" VALUES ('sugiyamaaoi1', TO_DATE('1993-06-11 06:33:38', 'SYYYY-MM-DD HH24:MI:SS'), 'F', 'Professor', 'London', 'Emma Mendoza');
INSERT INTO "FINANCEMANAGER"."PersonalInfo" VALUES ('masuda9', TO_DATE('2011-08-03 04:44:12', 'SYYYY-MM-DD HH24:MI:SS'), 'M', 'Web developer', 'London', 'Louis Webb');
INSERT INTO "FINANCEMANAGER"."PersonalInfo" VALUES ('ishika', TO_DATE('1988-09-13 18:21:34', 'SYYYY-MM-DD HH24:MI:SS'), 'M', 'Pharmacist', 'London', 'Matthew Allen');
INSERT INTO "FINANCEMANAGER"."PersonalInfo" VALUES ('guj', TO_DATE('1999-08-07 23:28:59', 'SYYYY-MM-DD HH24:MI:SS'), 'M', 'Chief operations officer', 'Chicago', 'Daniel Boyd');
INSERT INTO "FINANCEMANAGER"."PersonalInfo" VALUES ('gg97', TO_DATE('1997-04-02 06:52:29', 'SYYYY-MM-DD HH24:MI:SS'), 'F', 'Professor', 'Leicester', 'Jessica Henry');
INSERT INTO "FINANCEMANAGER"."PersonalInfo" VALUES ('arimuraeit510', TO_DATE('2013-06-02 05:18:30', 'SYYYY-MM-DD HH24:MI:SS'), 'M', 'Team leader', 'New York', 'Adam Gonzales');
INSERT INTO "FINANCEMANAGER"."PersonalInfo" VALUES ('qianzhiy7', TO_DATE('1972-12-22 19:12:53', 'SYYYY-MM-DD HH24:MI:SS'), 'M', 'Makeup artist', 'Manchester', 'Walter Powell');
INSERT INTO "FINANCEMANAGER"."PersonalInfo" VALUES ('edward4', TO_DATE('2013-07-01 17:39:34', 'SYYYY-MM-DD HH24:MI:SS'), 'F', 'Operations manager', 'London', 'Diana Hawkins');
INSERT INTO "FINANCEMANAGER"."PersonalInfo" VALUES ('rgon1995', TO_DATE('1974-09-15 15:20:07', 'SYYYY-MM-DD HH24:MI:SS'), 'M', 'Doctor', 'London', 'Ernest Perez');
INSERT INTO "FINANCEMANAGER"."PersonalInfo" VALUES ('ylwon1215', TO_DATE('2001-12-15 23:54:33', 'SYYYY-MM-DD HH24:MI:SS'), 'F', 'Logistics coordinator', 'Cambridge', 'Laura Guzman');
INSERT INTO "FINANCEMANAGER"."PersonalInfo" VALUES ('lachunyu', TO_DATE('1985-06-26 15:24:10', 'SYYYY-MM-DD HH24:MI:SS'), 'F', 'Food scientist', 'Chicago', 'Pamela Perez');
INSERT INTO "FINANCEMANAGER"."PersonalInfo" VALUES ('hughesjohn', TO_DATE('1979-05-01 15:26:54', 'SYYYY-MM-DD HH24:MI:SS'), 'F', 'Veterinary assistant', 'Chicago', 'Denise Warren');
INSERT INTO "FINANCEMANAGER"."PersonalInfo" VALUES ('robe', TO_DATE('1972-01-29 09:51:45', 'SYYYY-MM-DD HH24:MI:SS'), 'M', 'Client services manager', 'London', 'Jonathan Davis');
INSERT INTO "FINANCEMANAGER"."PersonalInfo" VALUES ('sdunn', TO_DATE('2012-10-02 10:13:04', 'SYYYY-MM-DD HH24:MI:SS'), 'M', 'Actor', 'Leicester', 'Jerry Ryan');
INSERT INTO "FINANCEMANAGER"."PersonalInfo" VALUES ('swt', TO_DATE('2011-08-01 12:25:42', 'SYYYY-MM-DD HH24:MI:SS'), 'M', 'Actor', 'New York', 'David Jordan');
INSERT INTO "FINANCEMANAGER"."PersonalInfo" VALUES ('sakuraim', TO_DATE('2000-10-18 01:05:00', 'SYYYY-MM-DD HH24:MI:SS'), 'M', 'Team leader', 'Leicester', 'Jerry Rose');
INSERT INTO "FINANCEMANAGER"."PersonalInfo" VALUES ('thethompson', TO_DATE('2005-10-19 22:54:42', 'SYYYY-MM-DD HH24:MI:SS'), 'M', 'Insurance sales agent', 'Chicago', 'Russell Gonzalez');
INSERT INTO "FINANCEMANAGER"."PersonalInfo" VALUES ('pengshihan6', TO_DATE('1982-02-05 04:50:43', 'SYYYY-MM-DD HH24:MI:SS'), 'F', 'Veterinary assistant', 'Oxford', 'Alice Campbell');
INSERT INTO "FINANCEMANAGER"."PersonalInfo" VALUES ('snakaj10', TO_DATE('2005-05-08 20:43:55', 'SYYYY-MM-DD HH24:MI:SS'), 'F', 'Housekeeper', 'New York', 'Juanita Herrera');
INSERT INTO "FINANCEMANAGER"."PersonalInfo" VALUES ('wu6', TO_DATE('1988-08-16 02:52:26', 'SYYYY-MM-DD HH24:MI:SS'), 'M', 'Doctor', 'Chicago', 'Micheal Hall');
INSERT INTO "FINANCEMANAGER"."PersonalInfo" VALUES ('kaitoyamag', TO_DATE('1976-08-23 00:05:02', 'SYYYY-MM-DD HH24:MI:SS'), 'M', 'Database manager', 'Oxford', 'Ray Simmons');
INSERT INTO "FINANCEMANAGER"."PersonalInfo" VALUES ('yamashita3', TO_DATE('1988-05-23 05:11:04', 'SYYYY-MM-DD HH24:MI:SS'), 'F', 'Writer', 'London', 'Lillian Hernandez');
INSERT INTO "FINANCEMANAGER"."PersonalInfo" VALUES ('edwards97', TO_DATE('1977-08-24 20:36:31', 'SYYYY-MM-DD HH24:MI:SS'), 'M', 'Auditor', 'Chicago', 'Manuel Chen');
INSERT INTO "FINANCEMANAGER"."PersonalInfo" VALUES ('dipayne6', TO_DATE('2011-04-10 19:43:49', 'SYYYY-MM-DD HH24:MI:SS'), 'F', 'Wedding planner', 'Manchester', 'Christina Evans');
INSERT INTO "FINANCEMANAGER"."PersonalInfo" VALUES ('anpan1981', TO_DATE('1989-06-19 20:39:39', 'SYYYY-MM-DD HH24:MI:SS'), 'M', 'Actuary', 'Albany', 'Kevin Harrison');
INSERT INTO "FINANCEMANAGER"."PersonalInfo" VALUES ('hayesanna', TO_DATE('1992-08-01 23:55:56', 'SYYYY-MM-DD HH24:MI:SS'), 'M', 'UX/UI designer', 'New York', 'Leroy Olson');
INSERT INTO "FINANCEMANAGER"."PersonalInfo" VALUES ('dk8', TO_DATE('2010-07-01 21:40:41', 'SYYYY-MM-DD HH24:MI:SS'), 'M', 'Multimedia animator', 'Birmingham', 'Martin Weaver');
INSERT INTO "FINANCEMANAGER"."PersonalInfo" VALUES ('hirmo', TO_DATE('1998-01-31 13:46:38', 'SYYYY-MM-DD HH24:MI:SS'), 'M', 'Mobile application developer', 'Cambridge', 'Joseph Ward');
INSERT INTO "FINANCEMANAGER"."PersonalInfo" VALUES ('tamwh', TO_DATE('2014-04-06 06:03:45', 'SYYYY-MM-DD HH24:MI:SS'), 'F', 'Auditor', 'Cambridge', 'Emma Parker');

-- ----------------------------
-- Table structure for Transactions
-- ----------------------------
DROP TABLE "FINANCEMANAGER"."Transactions";
CREATE TABLE "FINANCEMANAGER"."Transactions" (
  "SenderID" VARCHAR2(255 BYTE) VISIBLE NOT NULL,
  "SenderWallet" NUMBER VISIBLE NOT NULL,
  "ReceiverID" VARCHAR2(255 BYTE) VISIBLE NOT NULL,
  "ReceiverWallet" NUMBER VISIBLE NOT NULL,
  "Date" DATE VISIBLE NOT NULL,
  "Amount" NUMBER VISIBLE NOT NULL
)
LOGGING
NOCOMPRESS
PCTFREE 10
INITRANS 1
STORAGE (
  BUFFER_POOL DEFAULT
)
PARALLEL 1
NOCACHE
DISABLE ROW MOVEMENT
;

-- ----------------------------
-- Records of Transactions
-- ----------------------------

-- ----------------------------
-- Table structure for WalletsInfo
-- ----------------------------
DROP TABLE "FINANCEMANAGER"."WalletsInfo";
CREATE TABLE "FINANCEMANAGER"."WalletsInfo" (
  "UserID" VARCHAR2(255 BYTE) VISIBLE NOT NULL,
  "Wallets" NUMBER VISIBLE NOT NULL,
  "Budgets" NUMBER VISIBLE NOT NULL
)
LOGGING
NOCOMPRESS
PCTFREE 10
INITRANS 1
STORAGE (
  INITIAL 65536 
  NEXT 1048576 
  MINEXTENTS 1
  MAXEXTENTS 2147483645
  BUFFER_POOL DEFAULT
)
PARALLEL 1
NOCACHE
DISABLE ROW MOVEMENT
;

-- ----------------------------
-- Records of WalletsInfo
-- ----------------------------
INSERT INTO "FINANCEMANAGER"."WalletsInfo" VALUES ('sakuraim', '0', '0');
INSERT INTO "FINANCEMANAGER"."WalletsInfo" VALUES ('kykwo6', '0', '0');
INSERT INTO "FINANCEMANAGER"."WalletsInfo" VALUES ('wu6', '0', '0');
INSERT INTO "FINANCEMANAGER"."WalletsInfo" VALUES ('yulingchang07', '0', '0');
INSERT INTO "FINANCEMANAGER"."WalletsInfo" VALUES ('saiwing51', '0', '0');
INSERT INTO "FINANCEMANAGER"."WalletsInfo" VALUES ('mimiyazaki', '0', '0');
INSERT INTO "FINANCEMANAGER"."WalletsInfo" VALUES ('yamashita3', '0', '0');
INSERT INTO "FINANCEMANAGER"."WalletsInfo" VALUES ('ishika', '0', '0');
INSERT INTO "FINANCEMANAGER"."WalletsInfo" VALUES ('dk8', '0', '0');
INSERT INTO "FINANCEMANAGER"."WalletsInfo" VALUES ('kao1', '0', '0');
INSERT INTO "FINANCEMANAGER"."WalletsInfo" VALUES ('ylwon1215', '0', '0');
INSERT INTO "FINANCEMANAGER"."WalletsInfo" VALUES ('robe', '0', '0');
INSERT INTO "FINANCEMANAGER"."WalletsInfo" VALUES ('zhennanshi512', '0', '0');
INSERT INTO "FINANCEMANAGER"."WalletsInfo" VALUES ('edward4', '0', '0');
INSERT INTO "FINANCEMANAGER"."WalletsInfo" VALUES ('jiaxi', '0', '0');
INSERT INTO "FINANCEMANAGER"."WalletsInfo" VALUES ('johnjones', '0', '0');
INSERT INTO "FINANCEMANAGER"."WalletsInfo" VALUES ('lad', '0', '0');
INSERT INTO "FINANCEMANAGER"."WalletsInfo" VALUES ('wincheng', '0', '0');
INSERT INTO "FINANCEMANAGER"."WalletsInfo" VALUES ('sugiyamaaoi1', '0', '0');
INSERT INTO "FINANCEMANAGER"."WalletsInfo" VALUES ('lanq69', '0', '0');
INSERT INTO "FINANCEMANAGER"."WalletsInfo" VALUES ('arimuraeit510', '0', '0');
INSERT INTO "FINANCEMANAGER"."WalletsInfo" VALUES ('anqi917', '0', '0');
INSERT INTO "FINANCEMANAGER"."WalletsInfo" VALUES ('hicks01', '0', '0');
INSERT INTO "FINANCEMANAGER"."WalletsInfo" VALUES ('zhouzhiyuan', '0', '0');
INSERT INTO "FINANCEMANAGER"."WalletsInfo" VALUES ('hughesjohn', '0', '0');
INSERT INTO "FINANCEMANAGER"."WalletsInfo" VALUES ('hirmo', '0', '0');
INSERT INTO "FINANCEMANAGER"."WalletsInfo" VALUES ('miri', '0', '0');
INSERT INTO "FINANCEMANAGER"."WalletsInfo" VALUES ('lachunyu', '0', '0');
INSERT INTO "FINANCEMANAGER"."WalletsInfo" VALUES ('carmehoward01', '0', '0');
INSERT INTO "FINANCEMANAGER"."WalletsInfo" VALUES ('zhonshihan', '0', '0');
INSERT INTO "FINANCEMANAGER"."WalletsInfo" VALUES ('pengshihan6', '0', '0');
INSERT INTO "FINANCEMANAGER"."WalletsInfo" VALUES ('yuitookam', '0', '0');
INSERT INTO "FINANCEMANAGER"."WalletsInfo" VALUES ('masuda9', '0', '0');
INSERT INTO "FINANCEMANAGER"."WalletsInfo" VALUES ('romerodeni', '0', '0');
INSERT INTO "FINANCEMANAGER"."WalletsInfo" VALUES ('wangzitao1120', '0', '0');
INSERT INTO "FINANCEMANAGER"."WalletsInfo" VALUES ('whb', '0', '0');
INSERT INTO "FINANCEMANAGER"."WalletsInfo" VALUES ('mhi54', '0', '0');
INSERT INTO "FINANCEMANAGER"."WalletsInfo" VALUES ('stever5', '0', '0');
INSERT INTO "FINANCEMANAGER"."WalletsInfo" VALUES ('guj', '0', '0');
INSERT INTO "FINANCEMANAGER"."WalletsInfo" VALUES ('sdunn', '0', '0');
INSERT INTO "FINANCEMANAGER"."WalletsInfo" VALUES ('rodgordon', '0', '0');
INSERT INTO "FINANCEMANAGER"."WalletsInfo" VALUES ('kanekod', '0', '0');
INSERT INTO "FINANCEMANAGER"."WalletsInfo" VALUES ('chavjeffe', '0', '0');
INSERT INTO "FINANCEMANAGER"."WalletsInfo" VALUES ('xue1980', '0', '0');
INSERT INTO "FINANCEMANAGER"."WalletsInfo" VALUES ('resa', '0', '0');
INSERT INTO "FINANCEMANAGER"."WalletsInfo" VALUES ('chaharris16', '0', '0');
INSERT INTO "FINANCEMANAGER"."WalletsInfo" VALUES ('mkazu', '0', '0');
INSERT INTO "FINANCEMANAGER"."WalletsInfo" VALUES ('kkkwa301', '0', '0');
INSERT INTO "FINANCEMANAGER"."WalletsInfo" VALUES ('loucy', '0', '0');
INSERT INTO "FINANCEMANAGER"."WalletsInfo" VALUES ('tongkary76', '0', '0');
INSERT INTO "FINANCEMANAGER"."WalletsInfo" VALUES ('hagarcia18', '0', '0');
INSERT INTO "FINANCEMANAGER"."WalletsInfo" VALUES ('rebecherrera', '0', '0');
INSERT INTO "FINANCEMANAGER"."WalletsInfo" VALUES ('duz', '0', '0');
INSERT INTO "FINANCEMANAGER"."WalletsInfo" VALUES ('chf12', '0', '0');
INSERT INTO "FINANCEMANAGER"."WalletsInfo" VALUES ('thethompson', '0', '0');
INSERT INTO "FINANCEMANAGER"."WalletsInfo" VALUES ('janet229', '0', '0');
INSERT INTO "FINANCEMANAGER"."WalletsInfo" VALUES ('qianzhiy7', '0', '0');
INSERT INTO "FINANCEMANAGER"."WalletsInfo" VALUES ('cherylme', '0', '0');
INSERT INTO "FINANCEMANAGER"."WalletsInfo" VALUES ('juap', '0', '0');
INSERT INTO "FINANCEMANAGER"."WalletsInfo" VALUES ('kwokyinn', '0', '0');
INSERT INTO "FINANCEMANAGER"."WalletsInfo" VALUES ('cykw', '0', '0');
INSERT INTO "FINANCEMANAGER"."WalletsInfo" VALUES ('charlottec', '0', '0');
INSERT INTO "FINANCEMANAGER"."WalletsInfo" VALUES ('takeuchia809', '0', '0');
INSERT INTO "FINANCEMANAGER"."WalletsInfo" VALUES ('stephensjac77', '0', '0');
INSERT INTO "FINANCEMANAGER"."WalletsInfo" VALUES ('dobr', '0', '0');
INSERT INTO "FINANCEMANAGER"."WalletsInfo" VALUES ('yutomatsumoto8', '0', '0');
INSERT INTO "FINANCEMANAGER"."WalletsInfo" VALUES ('anpan1981', '0', '0');
INSERT INTO "FINANCEMANAGER"."WalletsInfo" VALUES ('kamanpang', '0', '0');
INSERT INTO "FINANCEMANAGER"."WalletsInfo" VALUES ('liacy', '0', '0');
INSERT INTO "FINANCEMANAGER"."WalletsInfo" VALUES ('sakamotoitsuki6', '0', '0');
INSERT INTO "FINANCEMANAGER"."WalletsInfo" VALUES ('munozmichael61', '0', '0');
INSERT INTO "FINANCEMANAGER"."WalletsInfo" VALUES ('leetinwing2', '0', '0');
INSERT INTO "FINANCEMANAGER"."WalletsInfo" VALUES ('yziyi69', '0', '0');
INSERT INTO "FINANCEMANAGER"."WalletsInfo" VALUES ('stevensn409', '0', '0');
INSERT INTO "FINANCEMANAGER"."WalletsInfo" VALUES ('tyunx59', '0', '0');
INSERT INTO "FINANCEMANAGER"."WalletsInfo" VALUES ('hayesanna', '0', '0');
INSERT INTO "FINANCEMANAGER"."WalletsInfo" VALUES ('rgon1995', '0', '0');
INSERT INTO "FINANCEMANAGER"."WalletsInfo" VALUES ('ziyilu', '0', '0');
INSERT INTO "FINANCEMANAGER"."WalletsInfo" VALUES ('yunxiwu5', '0', '0');
INSERT INTO "FINANCEMANAGER"."WalletsInfo" VALUES ('yamadamio', '0', '0');
INSERT INTO "FINANCEMANAGER"."WalletsInfo" VALUES ('tflai', '0', '0');
INSERT INTO "FINANCEMANAGER"."WalletsInfo" VALUES ('snakaj10', '0', '0');
INSERT INTO "FINANCEMANAGER"."WalletsInfo" VALUES ('edwards97', '0', '0');
INSERT INTO "FINANCEMANAGER"."WalletsInfo" VALUES ('gg97', '0', '0');
INSERT INTO "FINANCEMANAGER"."WalletsInfo" VALUES ('duanqi1210', '0', '0');
INSERT INTO "FINANCEMANAGER"."WalletsInfo" VALUES ('daichtakah10', '0', '0');
INSERT INTO "FINANCEMANAGER"."WalletsInfo" VALUES ('chunyu5', '0', '0');
INSERT INTO "FINANCEMANAGER"."WalletsInfo" VALUES ('dipayne6', '0', '0');
INSERT INTO "FINANCEMANAGER"."WalletsInfo" VALUES ('patrickramirez7', '0', '0');
INSERT INTO "FINANCEMANAGER"."WalletsInfo" VALUES ('kaitoyamag', '0', '0');
INSERT INTO "FINANCEMANAGER"."WalletsInfo" VALUES ('xshi', '0', '0');
INSERT INTO "FINANCEMANAGER"."WalletsInfo" VALUES ('chavezj', '0', '0');
INSERT INTO "FINANCEMANAGER"."WalletsInfo" VALUES ('anqita05', '0', '0');
INSERT INTO "FINANCEMANAGER"."WalletsInfo" VALUES ('zzhao201', '0', '0');
INSERT INTO "FINANCEMANAGER"."WalletsInfo" VALUES ('kato4', '0', '0');
INSERT INTO "FINANCEMANAGER"."WalletsInfo" VALUES ('snak', '0', '0');
INSERT INTO "FINANCEMANAGER"."WalletsInfo" VALUES ('tamwh', '0', '0');
INSERT INTO "FINANCEMANAGER"."WalletsInfo" VALUES ('swt', '0', '0');
INSERT INTO "FINANCEMANAGER"."WalletsInfo" VALUES ('kathryn10', '0', '0');
INSERT INTO "FINANCEMANAGER"."WalletsInfo" VALUES ('hmiyamoto', '0', '0');

-- ----------------------------
-- Function structure for DELETE_WALLET_FROM_TABLES
-- ----------------------------
CREATE OR REPLACE
PROCEDURE "FINANCEMANAGER"."DELETE_WALLET_FROM_TABLES" AS
BEGIN
	UPDATE "FINANCEMANAGE"."WalletsInfo"
	SET "Wallets" = "Wallets" - 1
	WHERE "UserID" LIKE USERID;
	
	DELETE FROM "FINANCEMANAGER"."FinancialInfo"
	WHERE "UserID" LIKE USERID
	AND "WalletID" = WALLETID;
	
	DELETE FROM "FINANCEMANAGER"."Incomes"
	WHERE "UserID" LIKE USERID
	AND "WalletID" = WALLETID;
	
	DELETE FROM "FINANCEMANAGER"."Expenses"
	WHERE "UserID" LIKE USERID
	AND "WalletID" = WALLETID;
END;
/

-- ----------------------------
-- Function structure for NEW_FINANCIAL_INFO
-- ----------------------------
CREATE OR REPLACE
PROCEDURE "FINANCEMANAGER"."NEW_FINANCIAL_INFO" AS
BEGIN
	SELECT "Wallets" INTO COUNTPREVWALLETS
	FROM "FINANCEMANAGER"."WalletsInfo"
	WHERE "UserID" LIKE USERID;
	
	NEWWALLETNUMBER := COUNTPREVWALLETS + 1;
	
	UPDATE "FINANCEMANAGER"."WalletsInfo"
  SET "Wallets" = NEWWALLETNUMBER
  WHERE "UserID" LIKE USERID;
					 
	INSERT INTO "FINANCEMANAGER"."FinancialInfo" VALUES (USERID, NEWWALLETNUMBER, 0.00, SYSDATE, SYSDATE);
END;
/

-- ----------------------------
-- Function structure for UPDATE_TABLES_AFTER_DELETE_WALLET
-- ----------------------------
CREATE OR REPLACE
PROCEDURE "FINANCEMANAGER"."UPDATE_TABLES_AFTER_DELETE_WALLET" AS
BEGIN
UPDATE "FINANCEMANAGER"."FinancialInfo"
	SET "WalletID" = "WalletID" - 1
	WHERE "WalletID" > WALLETID
	AND "UserID" LIKE USERID;
	
	UPDATE "FINANCEMANAGER"."Incomes"
	SET "WalletID" = "WalletID" - 1
	WHERE "WalletID" > WALLETID
	AND "UserID" LIKE USERID;
	
	UPDATE "FINANCEMANAGER"."Expenses"
	SET "WalletID" = "WalletID" - 1
	WHERE "WalletID" > WALLETID
	AND "UserID" LIKE USERID;
END;
/

-- ----------------------------
-- Primary Key structure for table AccountInfo
-- ----------------------------
ALTER TABLE "FINANCEMANAGER"."AccountInfo" ADD CONSTRAINT "SYS_C007509" PRIMARY KEY ("UserID");

-- ----------------------------
-- Checks structure for table AccountInfo
-- ----------------------------
ALTER TABLE "FINANCEMANAGER"."AccountInfo" ADD CONSTRAINT "SYS_C007505" CHECK ("UserID" IS NOT NULL) NOT DEFERRABLE INITIALLY IMMEDIATE NORELY VALIDATE;
ALTER TABLE "FINANCEMANAGER"."AccountInfo" ADD CONSTRAINT "SYS_C007506" CHECK ("Mail" IS NOT NULL) NOT DEFERRABLE INITIALLY IMMEDIATE NORELY VALIDATE;
ALTER TABLE "FINANCEMANAGER"."AccountInfo" ADD CONSTRAINT "SYS_C007508" CHECK ("Password" IS NOT NULL) NOT DEFERRABLE INITIALLY IMMEDIATE NORELY VALIDATE;
ALTER TABLE "FINANCEMANAGER"."AccountInfo" ADD CONSTRAINT "SYS_C007584" CHECK ("UserID" IS NOT NULL) NOT DEFERRABLE INITIALLY IMMEDIATE NORELY VALIDATE;
ALTER TABLE "FINANCEMANAGER"."AccountInfo" ADD CONSTRAINT "SYS_C007585" CHECK ("Mail" IS NOT NULL) NOT DEFERRABLE INITIALLY IMMEDIATE NORELY VALIDATE;
ALTER TABLE "FINANCEMANAGER"."AccountInfo" ADD CONSTRAINT "SYS_C007586" CHECK ("Password" IS NOT NULL) NOT DEFERRABLE INITIALLY IMMEDIATE NORELY VALIDATE;

-- ----------------------------
-- Checks structure for table Budgets
-- ----------------------------
ALTER TABLE "FINANCEMANAGER"."Budgets" ADD CONSTRAINT "SYS_C007759" CHECK ("UserID" IS NOT NULL) NOT DEFERRABLE INITIALLY IMMEDIATE NORELY VALIDATE;
ALTER TABLE "FINANCEMANAGER"."Budgets" ADD CONSTRAINT "SYS_C007760" CHECK ("BudgetID" IS NOT NULL) NOT DEFERRABLE INITIALLY IMMEDIATE NORELY VALIDATE;
ALTER TABLE "FINANCEMANAGER"."Budgets" ADD CONSTRAINT "SYS_C007761" CHECK ("Amount" IS NOT NULL) NOT DEFERRABLE INITIALLY IMMEDIATE NORELY VALIDATE;
ALTER TABLE "FINANCEMANAGER"."Budgets" ADD CONSTRAINT "SYS_C007762" CHECK ("Spent" IS NOT NULL) NOT DEFERRABLE INITIALLY IMMEDIATE NORELY VALIDATE;
ALTER TABLE "FINANCEMANAGER"."Budgets" ADD CONSTRAINT "SYS_C007763" CHECK ("Left" IS NOT NULL) NOT DEFERRABLE INITIALLY IMMEDIATE NORELY VALIDATE;
ALTER TABLE "FINANCEMANAGER"."Budgets" ADD CONSTRAINT "SYS_C007764" CHECK ("Created On" IS NOT NULL) NOT DEFERRABLE INITIALLY IMMEDIATE NORELY VALIDATE;
ALTER TABLE "FINANCEMANAGER"."Budgets" ADD CONSTRAINT "SYS_C007765" CHECK ("Last Updated On" IS NOT NULL) NOT DEFERRABLE INITIALLY IMMEDIATE NORELY VALIDATE;

-- ----------------------------
-- Uniques structure for table Expenses
-- ----------------------------
ALTER TABLE "FINANCEMANAGER"."Expenses" ADD CONSTRAINT "ExpenseID" UNIQUE ("ExpenseID") NOT DEFERRABLE INITIALLY IMMEDIATE NORELY VALIDATE;

-- ----------------------------
-- Checks structure for table Expenses
-- ----------------------------
ALTER TABLE "FINANCEMANAGER"."Expenses" ADD CONSTRAINT "SYS_C007726" CHECK ("UserID" IS NOT NULL) NOT DEFERRABLE INITIALLY IMMEDIATE NORELY VALIDATE;
ALTER TABLE "FINANCEMANAGER"."Expenses" ADD CONSTRAINT "SYS_C007727" CHECK ("ExpenseID" IS NOT NULL) NOT DEFERRABLE INITIALLY IMMEDIATE NORELY VALIDATE;
ALTER TABLE "FINANCEMANAGER"."Expenses" ADD CONSTRAINT "SYS_C007728" CHECK ("WalletID" IS NOT NULL) NOT DEFERRABLE INITIALLY IMMEDIATE NORELY VALIDATE;
ALTER TABLE "FINANCEMANAGER"."Expenses" ADD CONSTRAINT "SYS_C007729" CHECK ("Amount" IS NOT NULL) NOT DEFERRABLE INITIALLY IMMEDIATE NORELY VALIDATE;
ALTER TABLE "FINANCEMANAGER"."Expenses" ADD CONSTRAINT "SYS_C007730" CHECK ("Date" IS NOT NULL) NOT DEFERRABLE INITIALLY IMMEDIATE NORELY VALIDATE;

-- ----------------------------
-- Checks structure for table FinancialInfo
-- ----------------------------
ALTER TABLE "FINANCEMANAGER"."FinancialInfo" ADD CONSTRAINT "SYS_C007521" CHECK ("UserID" IS NOT NULL) NOT DEFERRABLE INITIALLY IMMEDIATE NORELY VALIDATE;
ALTER TABLE "FINANCEMANAGER"."FinancialInfo" ADD CONSTRAINT "SYS_C007522" CHECK ("WalletID" IS NOT NULL) NOT DEFERRABLE INITIALLY IMMEDIATE NORELY VALIDATE;
ALTER TABLE "FINANCEMANAGER"."FinancialInfo" ADD CONSTRAINT "SYS_C007523" CHECK ("Amount" IS NOT NULL) NOT DEFERRABLE INITIALLY IMMEDIATE NORELY VALIDATE;
ALTER TABLE "FINANCEMANAGER"."FinancialInfo" ADD CONSTRAINT "SYS_C007524" CHECK ("Created On" IS NOT NULL) NOT DEFERRABLE INITIALLY IMMEDIATE NORELY VALIDATE;
ALTER TABLE "FINANCEMANAGER"."FinancialInfo" ADD CONSTRAINT "SYS_C007525" CHECK ("Last Updated On" IS NOT NULL) NOT DEFERRABLE INITIALLY IMMEDIATE NORELY VALIDATE;
ALTER TABLE "FINANCEMANAGER"."FinancialInfo" ADD CONSTRAINT "SYS_C007572" CHECK ("UserID" IS NOT NULL) NOT DEFERRABLE INITIALLY IMMEDIATE NORELY VALIDATE;
ALTER TABLE "FINANCEMANAGER"."FinancialInfo" ADD CONSTRAINT "SYS_C007573" CHECK ("WalletID" IS NOT NULL) NOT DEFERRABLE INITIALLY IMMEDIATE NORELY VALIDATE;
ALTER TABLE "FINANCEMANAGER"."FinancialInfo" ADD CONSTRAINT "SYS_C007574" CHECK ("Amount" IS NOT NULL) NOT DEFERRABLE INITIALLY IMMEDIATE NORELY VALIDATE;
ALTER TABLE "FINANCEMANAGER"."FinancialInfo" ADD CONSTRAINT "SYS_C007575" CHECK ("Created On" IS NOT NULL) NOT DEFERRABLE INITIALLY IMMEDIATE NORELY VALIDATE;
ALTER TABLE "FINANCEMANAGER"."FinancialInfo" ADD CONSTRAINT "SYS_C007576" CHECK ("Last Updated On" IS NOT NULL) NOT DEFERRABLE INITIALLY IMMEDIATE NORELY VALIDATE;

-- ----------------------------
-- Uniques structure for table Incomes
-- ----------------------------
ALTER TABLE "FINANCEMANAGER"."Incomes" ADD CONSTRAINT "IncomeID" UNIQUE ("IncomeID") NOT DEFERRABLE INITIALLY IMMEDIATE NORELY VALIDATE;

-- ----------------------------
-- Checks structure for table Incomes
-- ----------------------------
ALTER TABLE "FINANCEMANAGER"."Incomes" ADD CONSTRAINT "SYS_C007720" CHECK ("UserID" IS NOT NULL) NOT DEFERRABLE INITIALLY IMMEDIATE NORELY VALIDATE;
ALTER TABLE "FINANCEMANAGER"."Incomes" ADD CONSTRAINT "SYS_C007721" CHECK ("IncomeID" IS NOT NULL) NOT DEFERRABLE INITIALLY IMMEDIATE NORELY VALIDATE;
ALTER TABLE "FINANCEMANAGER"."Incomes" ADD CONSTRAINT "SYS_C007722" CHECK ("WalletID" IS NOT NULL) NOT DEFERRABLE INITIALLY IMMEDIATE NORELY VALIDATE;
ALTER TABLE "FINANCEMANAGER"."Incomes" ADD CONSTRAINT "SYS_C007723" CHECK ("Amount" IS NOT NULL) NOT DEFERRABLE INITIALLY IMMEDIATE NORELY VALIDATE;
ALTER TABLE "FINANCEMANAGER"."Incomes" ADD CONSTRAINT "SYS_C007724" CHECK ("Date" IS NOT NULL) NOT DEFERRABLE INITIALLY IMMEDIATE NORELY VALIDATE;

-- ----------------------------
-- Primary Key structure for table JointAccounts
-- ----------------------------
ALTER TABLE "FINANCEMANAGER"."JointAccounts" ADD CONSTRAINT "SYS_C007560" PRIMARY KEY ("AccountID");

-- ----------------------------
-- Checks structure for table JointAccounts
-- ----------------------------
ALTER TABLE "FINANCEMANAGER"."JointAccounts" ADD CONSTRAINT "SYS_C007555" CHECK ("UserID1" IS NOT NULL) NOT DEFERRABLE INITIALLY IMMEDIATE NORELY VALIDATE;
ALTER TABLE "FINANCEMANAGER"."JointAccounts" ADD CONSTRAINT "SYS_C007556" CHECK ("UserID2" IS NOT NULL) NOT DEFERRABLE INITIALLY IMMEDIATE NORELY VALIDATE;
ALTER TABLE "FINANCEMANAGER"."JointAccounts" ADD CONSTRAINT "SYS_C007557" CHECK ("AccountID" IS NOT NULL) NOT DEFERRABLE INITIALLY IMMEDIATE NORELY VALIDATE;
ALTER TABLE "FINANCEMANAGER"."JointAccounts" ADD CONSTRAINT "SYS_C007558" CHECK ("Password" IS NOT NULL) NOT DEFERRABLE INITIALLY IMMEDIATE NORELY VALIDATE;
ALTER TABLE "FINANCEMANAGER"."JointAccounts" ADD CONSTRAINT "SYS_C007559" CHECK ("Amount" IS NOT NULL) NOT DEFERRABLE INITIALLY IMMEDIATE NORELY VALIDATE;
ALTER TABLE "FINANCEMANAGER"."JointAccounts" ADD CONSTRAINT "SYS_C007598" CHECK ("UserID1" IS NOT NULL) NOT DEFERRABLE INITIALLY IMMEDIATE NORELY VALIDATE;
ALTER TABLE "FINANCEMANAGER"."JointAccounts" ADD CONSTRAINT "SYS_C007599" CHECK ("UserID2" IS NOT NULL) NOT DEFERRABLE INITIALLY IMMEDIATE NORELY VALIDATE;
ALTER TABLE "FINANCEMANAGER"."JointAccounts" ADD CONSTRAINT "SYS_C007600" CHECK ("AccountID" IS NOT NULL) NOT DEFERRABLE INITIALLY IMMEDIATE NORELY VALIDATE;
ALTER TABLE "FINANCEMANAGER"."JointAccounts" ADD CONSTRAINT "SYS_C007601" CHECK ("Password" IS NOT NULL) NOT DEFERRABLE INITIALLY IMMEDIATE NORELY VALIDATE;
ALTER TABLE "FINANCEMANAGER"."JointAccounts" ADD CONSTRAINT "SYS_C007602" CHECK ("Amount" IS NOT NULL) NOT DEFERRABLE INITIALLY IMMEDIATE NORELY VALIDATE;

-- ----------------------------
-- Uniques structure for table PersonalInfo
-- ----------------------------
ALTER TABLE "FINANCEMANAGER"."PersonalInfo" ADD CONSTRAINT "useridpiu" UNIQUE ("UserID") NOT DEFERRABLE INITIALLY IMMEDIATE NORELY VALIDATE;

-- ----------------------------
-- Checks structure for table PersonalInfo
-- ----------------------------
ALTER TABLE "FINANCEMANAGER"."PersonalInfo" ADD CONSTRAINT "SYS_C007510" CHECK ("UserID" IS NOT NULL) NOT DEFERRABLE INITIALLY IMMEDIATE NORELY VALIDATE;
ALTER TABLE "FINANCEMANAGER"."PersonalInfo" ADD CONSTRAINT "SYS_C007512" CHECK ("DateOfBirth" IS NOT NULL) NOT DEFERRABLE INITIALLY IMMEDIATE NORELY VALIDATE;
ALTER TABLE "FINANCEMANAGER"."PersonalInfo" ADD CONSTRAINT "SYS_C007513" CHECK ("Gender" IS NOT NULL) NOT DEFERRABLE INITIALLY IMMEDIATE NORELY VALIDATE;
ALTER TABLE "FINANCEMANAGER"."PersonalInfo" ADD CONSTRAINT "SYS_C007514" CHECK ("City" IS NOT NULL) NOT DEFERRABLE INITIALLY IMMEDIATE NORELY VALIDATE;
ALTER TABLE "FINANCEMANAGER"."PersonalInfo" ADD CONSTRAINT "SYS_C007517" CHECK ("Name" IS NOT NULL) NOT DEFERRABLE INITIALLY IMMEDIATE NORELY VALIDATE;
ALTER TABLE "FINANCEMANAGER"."PersonalInfo" ADD CONSTRAINT "SYS_C007603" CHECK ("UserID" IS NOT NULL) NOT DEFERRABLE INITIALLY IMMEDIATE NORELY VALIDATE;
ALTER TABLE "FINANCEMANAGER"."PersonalInfo" ADD CONSTRAINT "SYS_C007604" CHECK ("DateOfBirth" IS NOT NULL) NOT DEFERRABLE INITIALLY IMMEDIATE NORELY VALIDATE;
ALTER TABLE "FINANCEMANAGER"."PersonalInfo" ADD CONSTRAINT "SYS_C007605" CHECK ("Gender" IS NOT NULL) NOT DEFERRABLE INITIALLY IMMEDIATE NORELY VALIDATE;
ALTER TABLE "FINANCEMANAGER"."PersonalInfo" ADD CONSTRAINT "SYS_C007606" CHECK ("City" IS NOT NULL) NOT DEFERRABLE INITIALLY IMMEDIATE NORELY VALIDATE;
ALTER TABLE "FINANCEMANAGER"."PersonalInfo" ADD CONSTRAINT "SYS_C007607" CHECK ("Name" IS NOT NULL) NOT DEFERRABLE INITIALLY IMMEDIATE NORELY VALIDATE;

-- ----------------------------
-- Checks structure for table Transactions
-- ----------------------------
ALTER TABLE "FINANCEMANAGER"."Transactions" ADD CONSTRAINT "SYS_C007539" CHECK ("SenderID" IS NOT NULL) NOT DEFERRABLE INITIALLY IMMEDIATE NORELY VALIDATE;
ALTER TABLE "FINANCEMANAGER"."Transactions" ADD CONSTRAINT "SYS_C007540" CHECK ("SenderWallet" IS NOT NULL) NOT DEFERRABLE INITIALLY IMMEDIATE NORELY VALIDATE;
ALTER TABLE "FINANCEMANAGER"."Transactions" ADD CONSTRAINT "SYS_C007541" CHECK ("ReceiverID" IS NOT NULL) NOT DEFERRABLE INITIALLY IMMEDIATE NORELY VALIDATE;
ALTER TABLE "FINANCEMANAGER"."Transactions" ADD CONSTRAINT "SYS_C007542" CHECK ("ReceiverWallet" IS NOT NULL) NOT DEFERRABLE INITIALLY IMMEDIATE NORELY VALIDATE;
ALTER TABLE "FINANCEMANAGER"."Transactions" ADD CONSTRAINT "SYS_C007543" CHECK ("Date" IS NOT NULL) NOT DEFERRABLE INITIALLY IMMEDIATE NORELY VALIDATE;
ALTER TABLE "FINANCEMANAGER"."Transactions" ADD CONSTRAINT "SYS_C007544" CHECK ("Amount" IS NOT NULL) NOT DEFERRABLE INITIALLY IMMEDIATE NORELY VALIDATE;
ALTER TABLE "FINANCEMANAGER"."Transactions" ADD CONSTRAINT "SYS_C007592" CHECK ("SenderID" IS NOT NULL) NOT DEFERRABLE INITIALLY IMMEDIATE NORELY VALIDATE;
ALTER TABLE "FINANCEMANAGER"."Transactions" ADD CONSTRAINT "SYS_C007593" CHECK ("SenderWallet" IS NOT NULL) NOT DEFERRABLE INITIALLY IMMEDIATE NORELY VALIDATE;
ALTER TABLE "FINANCEMANAGER"."Transactions" ADD CONSTRAINT "SYS_C007594" CHECK ("ReceiverID" IS NOT NULL) NOT DEFERRABLE INITIALLY IMMEDIATE NORELY VALIDATE;
ALTER TABLE "FINANCEMANAGER"."Transactions" ADD CONSTRAINT "SYS_C007595" CHECK ("ReceiverWallet" IS NOT NULL) NOT DEFERRABLE INITIALLY IMMEDIATE NORELY VALIDATE;
ALTER TABLE "FINANCEMANAGER"."Transactions" ADD CONSTRAINT "SYS_C007596" CHECK ("Date" IS NOT NULL) NOT DEFERRABLE INITIALLY IMMEDIATE NORELY VALIDATE;
ALTER TABLE "FINANCEMANAGER"."Transactions" ADD CONSTRAINT "SYS_C007597" CHECK ("Amount" IS NOT NULL) NOT DEFERRABLE INITIALLY IMMEDIATE NORELY VALIDATE;

-- ----------------------------
-- Checks structure for table WalletsInfo
-- ----------------------------
ALTER TABLE "FINANCEMANAGER"."WalletsInfo" ADD CONSTRAINT "SYS_C007712" CHECK ("UserID" IS NOT NULL) NOT DEFERRABLE INITIALLY IMMEDIATE NORELY VALIDATE;
ALTER TABLE "FINANCEMANAGER"."WalletsInfo" ADD CONSTRAINT "SYS_C007713" CHECK ("Wallets" IS NOT NULL) NOT DEFERRABLE INITIALLY IMMEDIATE NORELY VALIDATE;
ALTER TABLE "FINANCEMANAGER"."WalletsInfo" ADD CONSTRAINT "SYS_C007767" CHECK ("Budgets" IS NOT NULL) NOT DEFERRABLE INITIALLY IMMEDIATE NORELY VALIDATE;

-- ----------------------------
-- Foreign Keys structure for table Budgets
-- ----------------------------
ALTER TABLE "FINANCEMANAGER"."Budgets" ADD CONSTRAINT "UserIDBudget" FOREIGN KEY ("UserID") REFERENCES "FINANCEMANAGER"."AccountInfo" ("UserID") ON DELETE CASCADE NOT DEFERRABLE INITIALLY IMMEDIATE NORELY VALIDATE;

-- ----------------------------
-- Foreign Keys structure for table Expenses
-- ----------------------------
ALTER TABLE "FINANCEMANAGER"."Expenses" ADD CONSTRAINT "UserIDexp" FOREIGN KEY ("UserID") REFERENCES "FINANCEMANAGER"."AccountInfo" ("UserID") ON DELETE CASCADE NOT DEFERRABLE INITIALLY IMMEDIATE NORELY VALIDATE;

-- ----------------------------
-- Foreign Keys structure for table FinancialInfo
-- ----------------------------
ALTER TABLE "FINANCEMANAGER"."FinancialInfo" ADD CONSTRAINT "useridfi" FOREIGN KEY ("UserID") REFERENCES "FINANCEMANAGER"."AccountInfo" ("UserID") ON DELETE CASCADE NOT DEFERRABLE INITIALLY IMMEDIATE NORELY VALIDATE;

-- ----------------------------
-- Foreign Keys structure for table Incomes
-- ----------------------------
ALTER TABLE "FINANCEMANAGER"."Incomes" ADD CONSTRAINT "UserIDInc" FOREIGN KEY ("UserID") REFERENCES "FINANCEMANAGER"."AccountInfo" ("UserID") ON DELETE CASCADE NOT DEFERRABLE INITIALLY IMMEDIATE NORELY VALIDATE;

-- ----------------------------
-- Foreign Keys structure for table JointAccounts
-- ----------------------------
ALTER TABLE "FINANCEMANAGER"."JointAccounts" ADD CONSTRAINT "useridja1" FOREIGN KEY ("UserID1") REFERENCES "FINANCEMANAGER"."AccountInfo" ("UserID") ON DELETE SET NULL NOT DEFERRABLE INITIALLY IMMEDIATE NORELY VALIDATE;
ALTER TABLE "FINANCEMANAGER"."JointAccounts" ADD CONSTRAINT "useridja2" FOREIGN KEY ("UserID2") REFERENCES "FINANCEMANAGER"."AccountInfo" ("UserID") ON DELETE SET NULL NOT DEFERRABLE INITIALLY IMMEDIATE NORELY VALIDATE;
ALTER TABLE "FINANCEMANAGER"."JointAccounts" ADD CONSTRAINT "useridja3" FOREIGN KEY ("UserID3") REFERENCES "FINANCEMANAGER"."AccountInfo" ("UserID") ON DELETE SET NULL NOT DEFERRABLE INITIALLY IMMEDIATE NORELY VALIDATE;
ALTER TABLE "FINANCEMANAGER"."JointAccounts" ADD CONSTRAINT "useridja4" FOREIGN KEY ("UserID4") REFERENCES "FINANCEMANAGER"."AccountInfo" ("UserID") ON DELETE SET NULL NOT DEFERRABLE INITIALLY IMMEDIATE NORELY VALIDATE;
ALTER TABLE "FINANCEMANAGER"."JointAccounts" ADD CONSTRAINT "useridja5" FOREIGN KEY ("UserID5") REFERENCES "FINANCEMANAGER"."AccountInfo" ("UserID") ON DELETE SET NULL NOT DEFERRABLE INITIALLY IMMEDIATE NORELY VALIDATE;

-- ----------------------------
-- Foreign Keys structure for table PersonalInfo
-- ----------------------------
ALTER TABLE "FINANCEMANAGER"."PersonalInfo" ADD CONSTRAINT "userid" FOREIGN KEY ("UserID") REFERENCES "FINANCEMANAGER"."AccountInfo" ("UserID") ON DELETE CASCADE NOT DEFERRABLE INITIALLY IMMEDIATE NORELY VALIDATE;

-- ----------------------------
-- Foreign Keys structure for table Transactions
-- ----------------------------
ALTER TABLE "FINANCEMANAGER"."Transactions" ADD CONSTRAINT "useridt1" FOREIGN KEY ("SenderID") REFERENCES "FINANCEMANAGER"."AccountInfo" ("UserID") NOT DEFERRABLE INITIALLY IMMEDIATE NORELY VALIDATE;
ALTER TABLE "FINANCEMANAGER"."Transactions" ADD CONSTRAINT "useridt2" FOREIGN KEY ("ReceiverID") REFERENCES "FINANCEMANAGER"."AccountInfo" ("UserID") NOT DEFERRABLE INITIALLY IMMEDIATE NORELY VALIDATE;

-- ----------------------------
-- Foreign Keys structure for table WalletsInfo
-- ----------------------------
ALTER TABLE "FINANCEMANAGER"."WalletsInfo" ADD CONSTRAINT "UserID" FOREIGN KEY ("UserID") REFERENCES "FINANCEMANAGER"."AccountInfo" ("UserID") ON DELETE CASCADE NOT DEFERRABLE INITIALLY IMMEDIATE NORELY VALIDATE;
